Player,Height_cm
Jerry Smith,187.96
Walker Russell,182.88
Mark Jones,198.12
Hakeem Olajuwon,213.36
Kevin Willis,213.36
John Stockton,185.42
Michael Jordan,198.12
Sam Perkins,205.74
Otis Thorpe,208.28
Patrick Ewing,213.36
Karl Malone,205.74
Mario Elie,195.58
A.C. Green,205.74
Terry Porter,190.5
Sam Mitchell,200.66
Detlef Schrempf,208.28
Charles Oakley,205.74
Dell Curry,195.58
Arvydas Sabonis,220.98
Johnny Newman,200.66
David Wingate,195.58
Ron Harper,198.12
David Robinson,215.9
Horace Grant,208.28
Reggie Miller,200.66
Mark Jackson,190.5
Scottie Pippen,200.66
Chris Dudley,210.82
Olden Polynice,208.28
Derrick McKey,208.28
Danny Manning,208.28
Will Perdue,213.36
Dan Majerle,198.12
Rod Strickland,190.5
Kevin Edwards,190.5
Mark Bryant,205.74
Brian Shaw,198.12
Grant Long,205.74
Dean Garrett,210.82
Vernon Maxwell,193.04
Mitch Richmond,195.58
Steve Kerr,190.5
Anthony Mason,203.2
Hersey Hawkins,190.5
Tim Hardaway,182.88
Dana Barros,180.34
Shawn Kemp,208.28
Danny Ferry,208.28
Vlade Divac,215.9
Sean Elliott,203.2
Clifford Robinson,208.28
Glen Rice,203.2
Chucky Brown,203.2
George McCloud,203.2
Derrick Coleman,208.28
Tyrone Hill,205.74
Loy Vaught,205.74
Duane Causwell,213.36
Gary Payton,193.04
Elden Campbell,213.36
Toni Kukoc,210.82
Mahmoud Abdul-Rauf,185.42
Jud Buechler,198.12
Bimbo Coles,187.96
Tony Massenburg,205.74
Antonio Davis,205.74
Derek Strong,205.74
Cedric Ceballos,200.66
Kendall Gill,195.58
Felton Spencer,213.36
Larry Johnson,200.66
Terrell Brandon,180.34
Greg Anthony,185.42
Dale Davis,210.82
Victor Alexander,208.28
Kenny Anderson,185.42
Rick Fox,200.66
Randy Brown,187.96
Dikembe Mutombo,218.44
Doug Overton,190.5
Ike Austin,208.28
Steven Smith,203.2
Zan Tabak,213.36
Stacey Augmon,203.2
Shaquille O'Neal,215.9
Adam Keefe,205.74
Robert Horry,208.28
Bryant Stith,195.58
Anthony Peeler,193.04
Doug Christie,198.12
Tracy Murray,200.66
Alonzo Mourning,208.28
Hubert Davis,195.58
Jon Barry,195.58
Oliver Miller,205.74
Latrell Sprewell,195.58
P.J. Brown,210.82
Christian Laettner,210.82
Sean Rooks,208.28
Brent Price,185.42
Jim Jackson,198.12
Popeye Jones,203.2
LaPhonso Ellis,203.2
Tom Gugliotta,208.28
Walt Williams,203.2
Clar. Weatherspoon,200.66
Chris Webber,208.28
Lindsey Hunter,187.96
Allan Houston,198.12
George Lynch,203.2
Shawn Bradley,228.6
Scott Burrell,200.66
Chris Mills,200.66
Ervin Johnson,210.82
Sam Cassell,190.5
Corie Blount,208.28
Lucious Harris,195.58
Anfernee Hardaway,200.66
Nick Van Exel,185.42
Jamal Mashburn,203.2
Bryon Russell,200.66
Chris Whitney,182.88
Calbert Cheaney,200.66
Vin Baker,210.82
Rodney Rogers,200.66
Glenn Robinson,200.66
Eddie Jones,198.12
Carlos Rogers,210.82
Jalen Rose,203.2
Eric Piatkowski,198.12
Aaron McKie,195.58
Jason Kidd,193.04
Wesley Person,198.12
Monty Williams,203.2
Charlie Ward,187.96
Grant Hill,203.2
Howard Eisley,187.96
Michael Smith,203.2
Anthony Miller,205.74
Donyell Marshall,205.74
Voshon Lenard,193.04
Juwan Howard,205.74
Lawrence Funderburke,205.74
Anthony Goldwire,187.96
Zeljko Rebraca,213.36
Lamond Murray,200.66
Brian Grant,205.74
Eric Montross,213.36
Joe Smith,208.28
Kurt Thomas,205.74
Gary Trent,203.2
Cherokee Parks,210.82
Corliss Williamson,200.66
Eric Williams,203.2
Brent Barry,198.12
Alan Henderson,205.74
Bob Sura,195.58
Theo Ratliff,208.28
Antonio McDyess,205.74
Jason Caffey,203.2
Michael Finley,200.66
Travis Best,180.34
Greg Ostertag,218.44
Cory Alexander,185.42
Jerry Stackhouse,198.12
Dragan Tarlac,210.82
Andrew DeClercq,208.28
Donny Marshall,200.66
Rasheed Wallace,210.82
Eric Snow,190.5
Tyus Edney,177.8
Kevin Garnett,210.82
Fred Hoiberg,195.58
Chris Carr,198.12
Don Reid,203.2
Bryant Reeves,213.36
Damon Stoudamire,177.8
Allen Iverson,182.88
Erick Dampier,210.82
Vitaly Potapenko,208.28
Kobe Bryant,198.12
Peja Stojakovic,205.74
Steve Nash,190.5
Tony Delk,187.96
Jermaine O'Neal,210.82
John Wallace,205.74
Walter McCarty,208.28
Marcus Camby,210.82
Zydrunas Ilgauskas,220.98
Efthimios Rentzias,210.82
Derek Fisher,185.42
Jerome Williams,205.74
Travis Knight,213.36
Shareef Abdur-Rahim,205.74
Othella Harrington,205.74
Moochie Norris,185.42
Jeff McInnis,193.04
Stephon Marbury,187.96
Randy Livingston,193.04
Malik Rose,200.66
Amal McCaskill,210.82
Ray Allen,195.58
Mark Pope,208.28
Shandon Anderson,198.12
Antoine Walker,205.74
Lorenzen Wright,210.82
Kerry Kittles,195.58
Samaki Walker,205.74
Tim Duncan,210.82
Danny Fortson,203.2
Tariq Abdul-Wahad,198.12
Austin Croshere,208.28
Derek Anderson,195.58
Maurice Taylor,205.74
Kelvin Cato,210.82
Brevin Knight,177.8
Scot Pollard,210.82
Keith Van Horn,208.28
Paul Grant,213.36
Anthony Parker,198.12
Bobby Jackson,185.42
John Thomas,205.74
Charles Smith,193.04
Jacque Vaughn,185.42
Chauncey Billups,190.5
Marc Jackson,208.28
Anthony Johnson,190.5
Antonio Daniels,193.04
Stephen Jackson,203.2
Cedric Henderson,200.66
Alvin Williams,195.58
Predrag Drobnjak,210.82
Tony Battie,210.82
Chris Crawford,205.74
Mark Blount,213.36
Ron Mercer,200.66
Tim Thomas,208.28
Adonal Foyle,208.28
Tracy McGrady,203.2
Michael Olowokandi,213.36
Paul Pierce,200.66
Bonzi Wells,195.58
Michael Doleac,210.82
Keon Clark,210.82
Michael Dickerson,195.58
Matt Harpring,200.66
Bryce Drew,190.5
Rasho Nesterovic,213.36
Pat Garrity,205.74
Mike Bibby,187.96
Ricky Davis,200.66
Brian Skinner,205.74
Tyronn Lue,182.88
Felipe Lopez,195.58
Al Harrington,205.74
Vladimir Stepania,213.36
Corey Benjamin,198.12
Nazr Mohammed,208.28
Raef LaFrentz,210.82
Ansu Sesay,205.74
Ruben Patterson,195.58
Rashard Lewis,208.28
Jelani McCoy,208.28
Shammond Williams,185.42
Bruno Sundov,218.44
Jerome James,215.9
Rafer Alston,187.96
Antawn Jamison,205.74
Cuttino Mobley,193.04
Jahidi White,205.74
Sean Marks,208.28
Vince Carter,198.12
Derrick Dial,193.04
Greg Buckner,193.04
Tremaine Fowlkes,203.2
Ryan Bowen,205.74
Torraye Braggs,203.2
Maceo Baston,208.28
Robert Traylor,203.2
Jason Williams,185.42
Larry Hughes,195.58
Dirk Nowitzki,213.36
Elton Brand,205.74
Jason Terry,187.96
Trajan Langdon,190.5
Aleksandar Radojevic,220.98
Corey Maggette,198.12
Metta World Peace,200.66
Cal Bowdler,208.28
James Posey,203.2
Quincy Lewis,200.66
Steve Francis,190.5
Dion Glover,195.58
Jeff Foster,210.82
Kenny Thomas,200.66
Devean George,203.2
Andrei Kirilenko,205.74
Vonteego Cummings,190.5
Jumaine Jones,203.2
Scott Padgett,205.74
Leon Smith,208.28
Baron Davis,190.5
Michael Ruffin,203.2
Chris Herren,187.96
Evan Eschmeyer,210.82
Calvin Booth,210.82
Wang Zhi-zhi,215.9
Obinna Ekezie,205.74
Laron Profit,195.58
Lamar Odom,208.28
Gordan Giricek,198.12
Francisco Elson,213.36
Lee Nailon,205.74
Todd MacCulloch,213.36
Jonathan Bender,213.36
Rodney Buford,195.58
Manu Ginobili,198.12
Wally Szczerbiak,200.66
Richard Hamilton,200.66
Andre Miller,187.96
Shawn Marion,200.66
Guy Rucker,205.74
Kenyon Martin,205.74
Keyon Dooling,190.5
Jerome Moiso,208.28
Etan Thomas,208.28
Courtney Alexander,198.12
Mateen Cleaves,187.96
Jason Collier,213.36
Hedo Turkoglu,208.28
Desmond Mason,195.58
Quentin Richardson,198.12
Jamaal Magloire,210.82
Stromile Swift,205.74
Speedy Claxton,180.34
Morris Peterson,200.66
Donnell Harvey,203.2
DeShawn Stevenson,195.58
Dalibor Bagaric,215.9
Jake Tsakalidis,218.44
Mamadou N'diaye,213.36
Primoz Brezec,215.9
Erick Barkley,185.42
Mark Madsen,205.74
Darius Miles,205.74
Marko Jaric,200.66
Dan Langhi,210.82
A.J. Guyton,185.42
Jake Voskuhl,210.82
Mike Smith,203.2
Soumaila Samake,208.28
Eddie House,185.42
Eduardo Najera,203.2
Lavor Postell,195.58
Marcus Fizer,205.74
Hanno Mottola,210.82
Olumide Oyedeji,208.28
Michael Redd,198.12
Brian Cardinal,203.2
Jabari Smith,210.82
Jason Hart,187.96
Mike Miller,203.2
Kaniel Dickens,203.2
Igor Rakocevic,187.96
Ernest Brown,213.36
Dan McClintock,213.36
Chris Porter,200.66
DerMarr Johnson,205.74
Chris Mihm,213.36
Jamal Crawford,195.58
Joel Przybilla,215.9
Kwame Brown,210.82
Joe Johnson,200.66
Kedrick Brown,200.66
Vladimir Radmanovic,208.28
Richard Jefferson,200.66
Troy Murphy,210.82
Steven Hunter,208.28
Kirk Haston,205.74
Michael Bradley,205.74
Jason Collins,213.36
Zach Randolph,205.74
Tyson Chandler,215.9
Brendan Haywood,213.36
Joseph Forte,193.04
Jeryl Sasser,198.12
Brandon Armstrong,195.58
Raul Lopez,182.88
Gerald Wallace,200.66
Samuel Dalembert,210.82
Jamaal Tinsley,190.5
Tony Parker,187.96
Trenton Hassell,195.58
Pau Gasol,213.36
Gilbert Arenas,193.04
Omar Cook,185.42
Will Solomon,185.42
Terence Morris,205.74
Brian Scalabrine,205.74
Jeff Trepagnier,193.04
Damone Brown,203.2
Mehmet Okur,210.82
Earl Watson,185.42
Eddy Curry,213.36
Jamison Brewer,187.96
Bobby Simmons,198.12
Sean Lampley,200.66
Loren Woods,215.9
Antonis Fotsis,208.28
Ken Johnson,208.28
Ruben Boumtje-Boumtje,213.36
Jason Richardson,198.12
Alton Ford,205.74
Jarron Collins,210.82
Kenny Satterfield,185.42
Alvin Jones,210.82
Shane Battier,203.2
Eddie Griffin,208.28
DeSagana Diop,213.36
Rodney White,205.74
Yao Ming,228.6
Caron Butler,200.66
Jared Jeffries,210.82
Melvin Ely,208.28
Marcus Haislip,208.28
Fred Jones,187.96
Bostjan Nachbar,205.74
Jiri Welsch,200.66
Juan Dixon,190.5
Curtis Borchardt,213.36
Ryan Humphrey,203.2
Jay Williams,187.96
Kareem Rush,198.12
Qyntel Woods,203.2
Casey Jacobsen,198.12
Tayshaun Prince,205.74
Nenad Krstic,213.36
Frank Williams,190.5
John Salmons,198.12
Chris Jefferies,203.2
Dan Dickau,182.88
Mike Dunleavy,205.74
Roger Mason Jr.,195.58
Robert Archibald,210.82
Vincent Yarbrough,200.66
Dan Gadzuric,210.82
Carlos Boozer,205.74
David Andersen,210.82
Tito Maddox,193.04
Juan Carlos Navarro,190.5
Drew Gooden,208.28
Mario Kasun,215.9
Flip Murray,190.5
Lonny Baxter,203.2
Matt Barnes,200.66
Jamal Sampson,210.82
Chris Owens,200.66
Darius Songaila,205.74
Nikoloz Tskitishvili,213.36
Rasual Butler,200.66
Tamar Slay,203.2
Luis Scola,205.74
Randy Holcomb,205.74
Corsley Edwards,205.74
Dajuan Wagner,190.5
Nene,210.82
Chris Wilcox,208.28
Amar'e Stoudemire,210.82
LeBron James,203.2
Jarvis Hayes,203.2
Mickael Pietrus,198.12
Nick Collison,208.28
Marcus Banks,187.96
Luke Ridnour,187.96
Reece Gaines,198.12
Troy Bell,185.42
Zarko Cabarkapa,210.82
David West,205.74
Sasha Pavlovic,200.66
Darko Milicic,213.36
Dahntay Jones,198.12
Boris Diaw,203.2
Zoran Planinic,200.66
Travis Outlaw,205.74
Brian Cook,205.74
Carlos Delfino,198.12
Ndudi Ebi,205.74
Kendrick Perkins,208.28
Leandro Barbosa,190.5
Josh Howard,200.66
Carmelo Anthony,203.2
Maciej Lampe,210.82
Jason Kapono,203.2
Luke Walton,203.2
Jerome Beasley,205.74
Travis Hansen,198.12
Steve Blake,190.5
Slavko Vranes,226.06
Chris Bosh,210.82
Derrick Zimmerman,190.5
Willie Green,190.5
Zaza Pachulia,210.82
Keith Bogans,195.58
Matt Bonner,208.28
Mo Williams,185.42
James Lang,208.28
James Jones,203.2
Dwyane Wade,193.04
Kyle Korver,200.66
Brandon Hunter,200.66
Andreas Glyniadakis,215.9
Chris Kaman,213.36
Kirk Hinrich,193.04
T.J. Ford,182.88
Michael Sweetney,203.2
Dwight Howard,210.82
Luke Jackson,200.66
Andris Biedrins,213.36
Robert Swift,215.9
Sebastian Telfair,182.88
Kris Humphries,205.74
Al Jefferson,208.28
Kirk Snyder,198.12
Josh Smith,205.74
JR Smith,198.12
Dorell Wright,205.74
Emeka Okafor,208.28
Jameer Nelson,182.88
Pavel Podkolzin,226.06
Viktor Khryapa,205.74
Sergei Monia,203.2
Delonte West,190.5
Tony Allen,193.04
Kevin Martin,200.66
Sasha Vujacic,200.66
Beno Udrih,190.5
David Harrison,213.36
Ben Gordon,190.5
Anderson Varejao,210.82
Jackson Vroman,208.28
Peter John Ramos,220.98
Lionel Chalmers,182.88
Donta Smith,200.66
Andre Emmett,195.58
Antonio Burks,182.88
Royal Ivey,193.04
Chris Duhon,185.42
Shaun Livingston,200.66
Justin Reed,203.2
Trevor Ariza,203.2
Bernard Robinson,198.12
Ha Ha,220.98
Pape Sow,208.28
Devin Harris,190.5
Vassilis Spanoulis,193.04
Matt Freije,208.28
Luis Flores,187.96
Josh Childress,203.2
Luol Deng,205.74
Rafael Araujo,210.82
Andre Iguodala,198.12
Andrew Bogut,213.36
Andrew Bynum,213.36
Yaroslav Korolev,205.74
Sean May,205.74
Rashad McCants,193.04
Antoine Wright,200.66
Joey Graham,200.66
Danny Granger,203.2
Gerald Green,203.2
Hakim Warrick,205.74
Marvin Williams,205.74
Julius Hodge,200.66
Nate Robinson,175.26
Jarrett Jack,190.5
Francisco Garcia,200.66
Luther Head,190.5
Johan Petro,213.36
Jason Maxiell,200.66
Linas Kleiza,203.2
Ian Mahinmi,210.82
Wayne Simien,205.74
Deron Williams,190.5
David Lee,205.74
Salim Stoudamire,185.42
Daniel Ewing,190.5
Brandon Bass,203.2
CJ Miles,198.12
Ersan Ilyasova,208.28
Ronny Turiaf,208.28
Travis Diener,185.42
Von Wafer,195.58
Chris Paul,182.88
Monta Ellis,190.5
Roko Ukic,195.58
Chris Taft,208.28
Mile Ilic,215.9
Martynas Andriuskevicius,218.44
Lou Williams,185.42
Bracey Wright,190.5
Mickael Gelabale,200.66
Andray Blatche,210.82
Raymond Felton,185.42
Ryan Gomes,200.66
Robert Whaley,208.28
Orien Greene,193.04
Dijon Thompson,200.66
Lawrence Roberts,205.74
Amir Johnson,205.74
Marcin Gortat,210.82
Uros Slokar,208.28
Martell Webster,200.66
Alex Acker,195.58
Charlie Villanueva,210.82
Channing Frye,210.82
Ike Diogu,205.74
Andrea Bargnani,213.36
Mouhamed Sene,210.82
JJ Redick,193.04
Hilton Armstrong,210.82
Thabo Sefolosha,200.66
Ronnie Brewer,200.66
Cedric Simmons,205.74
Rodney Carney,200.66
Shawne Williams,205.74
Oleksiy Pecherov,213.36
Quincy Douby,190.5
LaMarcus Aldridge,210.82
Renaldo Balkman,203.2
Rajon Rondo,185.42
Marcus Williams,190.5
Josh Boone,208.28
Kyle Lowry,182.88
Shannon Brown,193.04
Jordan Farmar,187.96
Sergio Rodriguez,190.5
Maurice Ager,195.58
Mardy Collins,198.12
Adam Morrison,203.2
Joel Freeland,208.28
James White,200.66
Steve Novak,208.28
Solomon Jones,208.28
Paul Davis,210.82
P.J. Tucker,198.12
Craig Smith,200.66
Bobby Jones,200.66
Kosta Perovic,218.44
David Noel,198.12
Tyrus Thomas,208.28
James Augustine,208.28
Daniel Gibson,187.96
Marcus Vinicius,203.2
Alexander Johnson,205.74
Dee Brown,182.88
Paul Millsap,203.2
Leon Powe,203.2
Shelden Williams,205.74
Ryan Hollins,213.36
Cheikh Samb,215.9
Guillermo Diaz,187.96
Hassan Adams,193.04
Damir Markota,208.28
Brandon Roy,198.12
Will Blalock,182.88
Randy Foye,193.04
Rudy Gay,203.2
Patrick O'Bryant,213.36
Greg Oden,213.36
Spencer Hawes,215.9
Acie Law,190.5
Thaddeus Young,203.2
Julian Wright,203.2
Al Thornton,203.2
Rodney Stuckey,195.58
Nick Young,200.66
Sean Williams,208.28
Marco Belinelli,195.58
Javaris Crittenton,195.58
Kevin Durant,205.74
Jason Smith,213.36
Daequan Cook,195.58
Jared Dudley,200.66
Wilson Chandler,203.2
Rudy Fernandez,198.12
Morris Almond,198.12
Aaron Brooks,182.88
Arron Afflalo,195.58
Tiago Splitter,210.82
Alando Tucker,198.12
Al Horford,208.28
Carl Landry,205.74
Gabe Pruitt,193.04
Marcus Williams,200.66
Nick Fazekas,210.82
Glen Davis,205.74
Jermareo Davidson,208.28
Josh McRoberts,208.28
Kyrylo Fesenko,215.9
Mike Conley,185.42
Sun Sun,205.74
Chris Richard,205.74
Derrick Byars,200.66
Stephane Lasme,203.2
Dominic McGuire,205.74
Marc Gasol,215.9
Aaron Gray,213.36
Jeff Green,205.74
JamesOn Curry,190.5
Taurean Green,182.88
Demetris Nichols,203.2
Ramon Sessions,190.5
DJ Strawberry,195.58
Yi Jianlian,213.36
Corey Brewer,205.74
Brandan Wright,208.28
Joakim Noah,210.82
Derrick Rose,190.5
Brook Lopez,213.36
Jerryd Bayless,190.5
Jason Thompson,210.82
Brandon Rush,198.12
Anthony Randolph,210.82
Robin Lopez,213.36
Marreese Speights,208.28
Roy Hibbert,218.44
JaVale McGee,213.36
JJ Hickson,205.74
Michael Beasley,208.28
Alexis Ajinca,213.36
Ryan Anderson,208.28
Courtney Lee,195.58
Kosta Koufos,213.36
Serge Ibaka,208.28
Nicolas Batum,203.2
George Hill,187.96
Darrell Arthur,205.74
Donte Greene,210.82
DJ White,205.74
O.J. Mayo,193.04
J.R. Giddens,195.58
Nikola Pekovic,210.82
Walter Sharpe,205.74
Joey Dorsey,203.2
Mario Chalmers,187.96
DeAndre Jordan,210.82
Omer Asik,213.36
Luc Mbah a Moute,203.2
Kyle Weaver,198.12
Sonny Weems,198.12
Russell Westbrook,190.5
Chris Douglas-Roberts,200.66
Nathan Jawai,208.28
Sean Singletary,182.88
Patrick Ewing,203.2
Goran Dragic,190.5
Henry Walker,198.12
Malik Hairston,198.12
Kevin Love,208.28
Darnell Jackson,205.74
Mike Taylor,187.96
Sasha Kaun,210.82
Joe Crawford,195.58
Danilo Gallinari,208.28
Semih Erden,213.36
Eric Gordon,190.5
Joe Alexander,203.2
D.J. Augustin,182.88
Blake Griffin,208.28
Brandon Jennings,185.42
Terrence Williams,198.12
Gerald Henderson,195.58
Tyler Hansbrough,205.74
Earl Clark,208.28
Austin Daye,210.82
James Johnson,205.74
Jrue Holiday,193.04
Ty Lawson,180.34
Jeff Teague,187.96
Hasheem Thabeet,220.98
Eric Maynor,190.5
Darren Collison,182.88
Victor Claver,205.74
Omri Casspi,205.74
Byron Mullens,213.36
Rodrigue Beaubois,187.96
Taj Gibson,205.74
DeMarre Carroll,203.2
Wayne Ellington,193.04
Toney Douglas,187.96
James Harden,195.58
Christian Eyenga,200.66
Jeff Ayres,205.74
Jermaine Taylor,193.04
Dante Cunningham,203.2
DaJuan Summers,203.2
Sam Young,198.12
DeJuan Blair,200.66
Jon Brockman,200.66
Jonas Jerebko,208.28
Tyreke Evans,198.12
Derrick Brown,203.2
Jodie Meeks,193.04
Patrick Beverley,185.42
Marcus Thornton,193.04
Chase Budinger,200.66
Nick Calathes,198.12
Danny Green,198.12
Taylor Griffin,200.66
Ricky Rubio,193.04
AJ Price,187.96
Nando De Colo,195.58
Patty Mills,182.88
Lester Hudson,190.5
Jonny Flynn,182.88
Stephen Curry,190.5
Jordan Hill,208.28
DeMar DeRozan,200.66
John Wall,193.04
Paul George,203.2
Cole Aldrich,210.82
Xavier Henry,198.12
Ed Davis,208.28
Patrick Patterson,205.74
Larry Sanders,210.82
Luke Babbitt,205.74
Kevin Seraphin,205.74
Eric Bledsoe,185.42
Avery Bradley,187.96
Evan Turner,200.66
James Anderson,198.12
Craig Brackins,208.28
Elliot Williams,195.58
Trevor Booker,203.2
Damion James,200.66
Dominique Jones,195.58
Quincy Pondexter,198.12
Jordan Crawford,193.04
Greivis Vasquez,198.12
Daniel Orton,208.28
Derrick Favors,208.28
Lazar Hayward,198.12
Tibor Pleiss,220.98
Dexter Pittman,210.82
Hassan Whiteside,213.36
Armon Johnson,190.5
Nemanja Bjelica,208.28
Darington Hobson,200.66
Andy Rautins,193.04
Landry Fields,200.66
Wesley Johnson,200.66
Lance Stephenson,195.58
Jarvis Varnado,205.74
Devin Ebanks,205.74
Jerome Jordan,213.36
Gani Lawal,205.74
DeMarcus Cousins,210.82
Solomon Alabi,215.9
Luke Harangody,200.66
Pape Sy,200.66
Willie Warren,193.04
Jeremy Evans,205.74
Hamady Ndiaye,213.36
Ryan Reid,203.2
Derrick Caracter,205.74
Ekpe Udoh,208.28
Greg Monroe,210.82
Al-Farouq Aminu,205.74
Gordon Hayward,203.2
Kyrie Irving,190.5
Jimmer Fredette,187.96
Klay Thompson,200.66
Alec Burks,198.12
Markieff Morris,208.28
Marcus Morris Sr.,205.74
Kawhi Leonard,200.66
Nikola Vucevic,213.36
Iman Shumpert,195.58
Chris Singleton,203.2
Tobias Harris,203.2
Derrick Williams,203.2
Donatas Motiejunas,213.36
Nolan Smith,187.96
Kenneth Faried,203.2
Nikola Mirotic,208.28
Reggie Jackson,190.5
MarShon Brooks,195.58
Jordan Hamilton,200.66
JaJuan Johnson,208.28
Norris Cole,187.96
Cory Joseph,190.5
Enes Kanter,210.82
Jimmy Butler,200.66
Bojan Bogdanovic,203.2
Justin Harper,208.28
Kyle Singler,203.2
Shelvin Mack,190.5
Tyler Honeycutt,203.2
Jordan Williams,208.28
Trey Thompkins,208.28
Chandler Parsons,205.74
Jeremy Tyler,208.28
Tristan Thompson,205.74
Jon Leuer,208.28
Darius Morris,193.04
Davis Bertans,208.28
Malcolm Lee,195.58
Charles Jenkins,190.5
Josh Harrellson,208.28
Andrew Goudelock,190.5
Travis Leslie,193.04
Keith Benson,210.82
Josh Selby,187.96
Jonas Valanciunas,213.36
Lavoy Allen,205.74
Vernon Macklin,208.28
DeAndre Liggins,198.12
E'Twaun Moore,193.04
Jan Vesely,210.82
Isaiah Thomas,175.26
Bismack Biyombo,205.74
Brandon Knight,190.5
Kemba Walker,185.42
Xavier Silas,195.58
Anthony Davis,208.28
Austin Rivers,193.04
Meyers Leonard,215.9
Jeremy Lamb,195.58
Kendall Marshall,193.04
John Henson,210.82
Maurice Harkless,205.74
Royce White,203.2
Tyler Zeller,213.36
Terrence Jones,205.74
Andrew Nicholson,205.74
Michael Kidd-Gilchrist,200.66
Evan Fournier,200.66
Jared Sullinger,205.74
Fab Melo,213.36
John Jenkins,193.04
Jared Cunningham,193.04
Tony Wroten,198.12
Miles Plumlee,210.82
Arnett Moultrie,208.28
Perry Jones III,210.82
Marquis Teague,187.96
Bradley Beal,195.58
Festus Ezeli,210.82
Jeffery Taylor,200.66
Tomas Satoransky,200.66
Bernard James,208.28
Jae Crowder,198.12
Draymond Green,200.66
Orlando Johnson,195.58
Quincy Acy,200.66
Quincy Miller,205.74
Khris Middleton,203.2
Dion Waiters,193.04
Will Barton,198.12
Tyshawn Taylor,190.5
Doron Lamb,193.04
Mike Scott,203.2
Kim English,198.12
Justin Hamilton,213.36
Darius Miller,203.2
Kevin Murphy,198.12
Kostas Papanikolaou,203.2
Kyle O'Quinn,208.28
Thomas Robinson,208.28
Kris Joseph,200.66
Ognjen Kuzmic,213.36
Furkan Aldemir,208.28
Tornike Shengelia,205.74
Darius Johnson-Odom,187.96
Robbie Hummel,203.2
Damian Lillard,190.5
Robert Sacre,213.36
Harrison Barnes,203.2
Terrence Ross,200.66
Andre Drummond,210.82
Anthony Bennett,203.2
CJ McCollum,190.5
Michael Carter-Williams,198.12
Steven Adams,213.36
Kelly Olynyk,213.36
Shabazz Muhammad,198.12
Giannis Antetokounmpo,210.82
Lucas Nogueira,213.36
Dennis Schroder,185.42
Shane Larkin,180.34
Sergey Karasev,200.66
Victor Oladipo,193.04
Tony Snell,200.66
Gorgui Dieng,210.82
Mason Plumlee,210.82
Solomon Hill,200.66
Tim Hardaway Jr.,198.12
Reggie Bullock,200.66
Andre Roberson,200.66
Rudy Gobert,215.9
Archie Goodwin,195.58
Otto Porter Jr.,203.2
Nemanja Nedovic,190.5
Allen Crabbe,198.12
Alex Abrines,198.12
Carrick Felix,198.12
Isaiah Canaan,182.88
Glen Rice,198.12
Ray McCallum,190.5
Tony Mitchell,203.2
Nate Wolters,193.04
Jeff Withey,213.36
Cody Zeller,213.36
Grant Jerrett,208.28
Jamaal Franklin,195.58
Pierre Jackson,177.8
Ricky Ledo,200.66
Mike Muscala,210.82
Erick Green,193.04
Raul Neto,185.42
Ryan Kelly,210.82
Erik Murphy,208.28
Alex Len,215.9
James Ennis III,200.66
Lorenzo Brown,195.58
Joffrey Lauvergne,210.82
Peyton Siva,182.88
Nerlens Noel,210.82
Ben McLemore,195.58
Kentavious Caldwell-Pope,195.58
Trey Burke,185.42
Andrew Wiggins,203.2
Elfrid Payton,193.04
Doug McDermott,203.2
Dario Saric,208.28
Zach LaVine,195.58
T.J. Warren,203.2
Adreian Payne,208.28
Jusuf Nurkic,213.36
James Young,198.12
Tyler Ennis,190.5
Gary Harris,193.04
Jabari Parker,203.2
Bruno Caboclo,205.74
Mitch McGary,208.28
Jordan Adams,195.58
Rodney Hood,203.2
Shabazz Napier,185.42
Clint Capela,208.28
PJ Hairston,198.12
Bogdan Bogdanovic,198.12
C.J. Wilcox,195.58
Josh Huestis,200.66
Joel Embiid,213.36
Kyle Anderson,205.74
Damien Inglis,203.2
KJ McDaniels,198.12
Joe Harris,198.12
Cleanthony Early,203.2
Jarnell Stokes,205.74
Johnny O'Bryant III,205.74
Spencer Dinwiddie,198.12
Jerami Grant,205.74
Aaron Gordon,205.74
Glenn Robinson III,200.66
Nikola Jokic,208.28
Nick Johnson,190.5
Edy Tavares,220.98
Markel Brown,190.5
Dwight Powell,210.82
Jordan Clarkson,195.58
Russ Smith,182.88
Lamar Patterson,195.58
Cameron Bairstow,205.74
Dante Exum,198.12
Thanasis Antetokounmpo,200.66
Semaj Christon,190.5
Devyn Marble,198.12
Jordan McRae,195.58
Marcus Smart,193.04
Cory Jefferson,205.74
Julius Randle,205.74
Nik Stauskas,198.12
Noah Vonleh,205.74
Karl-Anthony Towns,213.36
Justise Winslow,200.66
Myles Turner,210.82
Trey Lyles,208.28
Devin Booker,198.12
Cameron Payne,190.5
Kelly Oubre Jr.,200.66
Terry Rozier,187.96
Rashad Vaughn,198.12
Sam Dekker,205.74
Jerian Grant,193.04
D'Angelo Russell,195.58
Delon Wright,195.58
Justin Anderson,198.12
Bobby Portis,210.82
Rondae Hollis-Jefferson,200.66
Tyus Jones,187.96
Jarell Martin,208.28
Larry Nance Jr.,205.74
RJ Hunter,195.58
Chris McCullough,205.74
Jahlil Okafor,210.82
Kevon Looney,205.74
Cedi Osman,203.2
Montrezl Harrell,203.2
Jordan Mickey,203.2
Anthony Brown,200.66
Willy Hernangomez,210.82
Rakeem Christmas,205.74
Richaun Holmes,208.28
Darrun Hilliard,198.12
Kristaps Porzingis,220.98
Josh Richardson,198.12
Pat Connaughton,195.58
Joe Young,187.96
Andrew Harrison,198.12
Norman Powell,193.04
Dakari Johnson,213.36
Mario Hezonja,203.2
Branden Dawson,198.12
Willie Cauley-Stein,213.36
Emmanuel Mudiay,195.58
Stanley Johnson,200.66
Frank Kaminsky,213.36
Ben Simmons,208.28
Thon Maker,215.9
Domantas Sabonis,208.28
Taurean Prince,203.2
Georgios Papagiannis,215.9
Denzel Valentine,198.12
Juancho Hernangomez,205.74
Guerschon Yabusele,203.2
Wade Baldwin IV,193.04
Henry Ellenson,210.82
Malik Beasley,195.58
Brandon Ingram,205.74
Caris LeVert,200.66
DeAndre' Bembry,198.12
Malachi Richardson,198.12
Ante Zizic,210.82
Timothe Luwawu-Cabarrot,198.12
Brice Johnson,208.28
Furkan Korkmaz,200.66
Pascal Siakam,205.74
Skal Labissiere,210.82
Dejounte Murray,195.58
Jaylen Brown,200.66
Damian Jones,213.36
Deyonta Davis,210.82
Ivica Zubac,215.9
Cheick Diallo,205.74
Tyler Ulis,177.8
Malcolm Brogdon,195.58
Chinanu Onuaku,208.28
Patrick McCaw,200.66
Dragan Bender,215.9
Diamond Stone,210.82
Stephen Zimmerman,213.36
Isaiah Whitehead,193.04
Zhou Qi,215.9
Demetrius Jackson,185.42
AJ Hammons,213.36
Jake Layman,205.74
Paul Zipser,203.2
Michael Gbinije,200.66
Kris Dunn,193.04
Georges Niang,198.12
Ben Bentil,205.74
Joel Bolomboy,205.74
Kay Felder,175.26
Marcus Paige,182.88
Daniel Hamilton,200.66
Abdel Nader,198.12
Buddy Hield,193.04
Tyrone Wallace,195.58
Jamal Murray,193.04
Marquese Chriss,208.28
Jakob Poeltl,213.36
Markelle Fultz,193.04
Zach Collins,213.36
Malik Monk,190.5
Luke Kennard,195.58
Donovan Mitchell,190.5
Bam Adebayo,208.28
Justin Jackson,203.2
Justin Patton,213.36
D.J. Wilson,208.28
TJ Leaf,208.28
John Collins,208.28
Lonzo Ball,198.12
Harry Giles III,210.82
Terrance Ferguson,200.66
Jarrett Allen,210.82
OG Anunoby,203.2
Tyler Lydon,205.74
Anzejs Pasecniks,218.44
Caleb Swanigan,203.2
Kyle Kuzma,205.74
Tony Bradley,208.28
Derrick White,193.04
Jayson Tatum,203.2
Josh Hart,195.58
Frank Jackson,190.5
Davon Reed,198.12
Wes Iwundu,200.66
Frank Mason,180.34
Ivan Rabb,208.28
Jonah Bolden,203.2
Semi Ojeleye,200.66
Jordan Bell,205.74
Jawun Evans,182.88
Josh Jackson,203.2
Dwayne Bacon,200.66
Tyler Dorsey,195.58
Thomas Bryant,208.28
Isaiah Hartenstein,213.36
Damyean Dotson,195.58
Dillon Brooks,198.12
Sterling Brown,198.12
Ike Anigbogu,208.28
Sindarius Thornwell,195.58
Vlatko Cancar,203.2
De'Aaron Fox,190.5
Monte Morris,190.5
Edmond Sumner,195.58
Kadeem Allen,190.5
Alec Peters,205.74
Nigel Williams-Goss,187.96
Jabari Bird,198.12
Jaron Blossomgame,203.2
Jonathan Isaac,208.28
Lauri Markkanen,213.36
Frank Ntilikina,195.58
Dennis Smith Jr.,190.5
Deandre Ayton,210.82
Mikal Bridges,198.12
Shai Gilgeous-Alexander,195.58
Miles Bridges,198.12
Jerome Robinson,193.04
Michael Porter Jr.,208.28
Troy Brown Jr.,198.12
Zhaire Smith,190.5
Donte DiVincenzo,193.04
Lonnie Walker IV,195.58
Kevin Huerter,200.66
Marvin Bagley III,210.82
Josh Okogie,193.04
Grayson Allen,193.04
Chandler Hutchison,200.66
Aaron Holiday,182.88
Anfernee Simons,190.5
Moritz Wagner,210.82
Landry Shamet,193.04
Robert Williams III,203.2
Jacob Evans,193.04
Dzanan Musa,205.74
Luka Doncic,200.66
Omari Spellman,203.2
Elie Okobo,190.5
Jevon Carter,185.42
Jalen Brunson,185.42
Devonte' Graham,185.42
Melvin Frazier Jr.,195.58
Mitchell Robinson,213.36
Khyri Thomas,190.5
Isaac Bonga,203.2
Jaren Jackson Jr.,210.82
Rodions Kurucs,205.74
Jarred Vanderbilt,205.74
Bruce Brown,193.04
Hamidou Diallo,195.58
De'Anthony Melton,187.96
Svi Mykhailiuk,200.66
Keita Bates-Diop,203.2
Chimezie Metu,205.74
Trae Young,185.42
Alize Johnson,200.66
Vincent Edwards,203.2
Devon Hall,187.96
Shake Milton,195.58
Ray Spalding,208.28
Kevin Hervey,205.74
Thomas Welsh,213.36
George King,198.12
Mo Bamba,213.36
Kostas Antetokounmpo,208.28
Wendell Carter Jr.,205.74
Collin Sexton,185.42
Kevin Knox II,200.66
Zion Williamson,198.12
Cam Reddish,203.2
Cameron Johnson,203.2
P.J. Washington,200.66
Tyler Herro,195.58
Romeo Langford,193.04
Sekou Doumbouya,203.2
Nickeil Alexander-Walker,195.58
Goga Bitadze,210.82
Luka Samanic,208.28
Ja Morant,190.5
Matisse Thybulle,195.58
Brandon Clarke,203.2
Grant Williams,198.12
Darius Bazley,203.2
Ty Jerome,195.58
Nassir Little,195.58
Mfiondu Kabengele,205.74
Jordan Poole,193.04
Keldon Johnson,195.58
RJ Barrett,198.12
Kevin Porter Jr.,193.04
Nicolas Claxton,210.82
KZ Okpala,203.2
Carsen Edwards,180.34
Bruno Fernando,205.74
Cody Martin,195.58
Daniel Gafford,208.28
Alen Smailagic,208.28
De'Andre Hunter,200.66
Justin James,200.66
Eric Paschall,198.12
Admiral Schofield,195.58
Jaylen Nowell,193.04
Isaiah Roby,203.2
Talen Horton-Tucker,193.04
Ignas Brazdeikis,198.12
Terance Mann,195.58
Quinndary Weatherspoon,190.5
Darius Garland,185.42
Jarrell Brantley,195.58
Tremont Waters,177.8
Jalen McDaniels,208.28
Justin Wright-Foreman,182.88
Marial Shayok,195.58
Kyle Guy,185.42
Jordan Bone,190.5
Miye Oni,195.58
Dewan Hernandez,208.28
Jarrett Culver,198.12
Coby White,193.04
Jaxson Hayes,210.82
Rui Hachimura,203.2
Alex Kirk,213.36
Andre Dawkins,195.58
David Wear,208.28
Drew Gordon,205.74
Jabari Brown,195.58
Jerel McNeal,190.5
Sim Bhullar,226.06
Zoran Dragic,195.58
Allan Ray,187.96
Cedric Bozeman,198.12
Chris McCray,195.58
Ivan McFarlin,200.66
Kevinn Pinkney,208.28
Lynn Greer,187.96
Mike Hall,203.2
Renaldo Major,200.66
Robert Hite,187.96
Roger Powell,198.12
Steven Smith,205.74
Garret Siler,210.82
Marcus Cousin,210.82
Pooh Jeter,180.34
Sherron Collins,180.34
Zabian Dowdell,190.5
Adonis Thomas,200.66
Brandon Davies,208.28
Casper Ware,177.8
Chris Babb,195.58
Chris Smith,187.96
Dionte Christmas,195.58
Elias Harris,203.2
Gal Mekel,190.5
Gigi Datome,203.2
James Southerland,203.2
Miroslav Raduljica,213.36
Mustafa Shakur,190.5
Pero Antic,210.82
Shane Edwards,200.66
Tony Mitchell,198.12
Toure' Murry,195.58
Vitor Faverani,210.82
Brandin Knight,182.88
Erik Daniels,203.2
Geno Carlisle,190.5
Horace Jenkins,185.42
Ibrahim Kutluay,198.12
Jared Reiner,210.82
Maurice Baker,187.96
Tony Bobbitt,193.04
Yuta Tabuse,175.26
Andy Panko,205.74
Chris Garner,177.8
David Benoit,203.2
David Vanterpool,195.58
Garth Joseph,218.44
Jamel Thomas,198.12
Kornel David,205.74
Paul McPherson,193.04
Sean Colson,182.88
Terry Davis,208.28
Alex Garcia,190.5
Ben Handlogten,208.28
Britton Johnsen,208.28
Desmond Ferguson,200.66
Desmond Penigar,200.66
Hiram Fuller,205.74
Kirk Penney,195.58
Maurice Carter,195.58
Shane Heal,182.88
Theron Smith,203.2
DeMarcus Nelson,193.04
Desmon Farmer,195.58
Dontell Jefferson,195.58
Rob Kurz,205.74
Steven Hill,213.36
Angel Delgado,208.28
Billy Garrett,198.12
Bonzie Colson,198.12
Brandon Sampson,195.58
Cameron Reynolds,203.2
DJ Stephens,195.58
Dairis Bertans,193.04
DeVaughn Akoon-Purcell,198.12
Deng Adel,200.66
Donte Grantham,203.2
Emanuel Terry,205.74
Haywood Highsmith,200.66
Isaac Humphries,213.36
Isaiah Briscoe,190.5
James Nunnally,200.66
Jared Terrell,190.5
Jaylen Adams,187.96
Jemerrio Jones,195.58
Jordan Loyd,193.04
Jordan Sibert,193.04
Julian Washburn,203.2
Kalin Lucas,185.42
Marcus Derrickson,200.66
Mitchell Creek,198.12
Rawle Alkins,195.58
Tahjere McCall,195.58
Trevon Duval,187.96
Troy Caupain,193.04
Tyler Davis,208.28
Yante Maten,203.2
Zach Lofton,193.04
Aaron Miles,185.42
Alex Scales,193.04
Anthony Grundy,190.5
Anthony Roberson,187.96
Arvydas Macijauskas,193.04
Boniface Ndong,213.36
Deng Gai,205.74
Devin Green,200.66
Donell Taylor,195.58
Eddie Basden,195.58
Esteban Batista,208.28
Gerald Fitch,190.5
Jackie Butler,208.28
James Thomas,205.74
John Edwards,213.36
Keith McLeod,187.96
Kevin Burleson,190.5
Luke Schenscher,215.9
Matt Walsh,198.12
Melvin Sanders,195.58
Noel Felix,205.74
Rawle Marshall,200.66
Sarunas Jasikevicius,193.04
Sharrod Ford,205.74
Arinze Onuaku,205.74
Daniel Ochefu,210.82
Kyle Wiltjer,208.28
Maurice Ndour,205.74
Mike Tobey,213.36
Nicolas Laprovittola,193.04
Patricio Garino,198.12
Shawn Long,205.74
Sheldon Mac,198.12
Adam Mokoka,195.58
Allonzo Trier,193.04
Amile Jefferson,205.74
Amir Coffey,200.66
BJ Johnson,200.66
Brad Wanamaker,190.5
Brandon Goodwin,182.88
Brian Bowen II,198.12
Caleb Martin,195.58
Charles Brown Jr.,198.12
Chasson Randle,187.96
Chris Chiozza,180.34
Chris Clemons,175.26
Chris Silva,203.2
DaQuan Jeffries,195.58
Daryl Macon,187.96
Dean Wade,205.74
Deonte Burton,193.04
Donta Hall,205.74
Drew Eubanks,205.74
Duncan Robinson,200.66
Dusty Hannahs,190.5
Eric Mika,208.28
Gabe Vincent,190.5
Garrison Mathews,195.58
Gary Clark,198.12
Gary Trent Jr.,195.58
J.P. Macura,193.04
Jalen Lecque,193.04
Jared Harper,177.8
Jarrod Uthoff,205.74
Javonte Green,193.04
Jaylen Hoard,203.2
Jeremiah Martin,187.96
Joe Chealey,193.04
John Konchar,195.58
Johnathan Williams,205.74
Jordan McLaughlin,180.34
Josh Reaves,193.04
Juan Toscano-Anderson,198.12
Justin Robinson,185.42
Juwan Morgan,200.66
Kelan Martin,195.58
Kendrick Nunn,187.96
Kenrich Williams,198.12
Ky Bowman,185.42
Louis King,200.66
Luguentz Dort,190.5
Malik Newman,190.5
Marko Guduric,198.12
Marques Bolden,208.28
Matt Mooney,187.96
Matt Thomas,193.04
Max Strus,195.58
Michael Frazier,190.5
Moses Brown,218.44
Mychal Mulder,190.5
Naz Reid,205.74
Nicolo Melli,205.74
Norvel Pelle,208.28
Oshae Brissett,200.66
Paul Watson,198.12
Rayjon Tucker,190.5
Ryan Broekhoff,198.12
Shamorie Ponds,182.88
Stanton Kidd,198.12
Tacko Fall,226.06
Tariq Owens,208.28
Terence Davis,193.04
Theo Pinson,195.58
Tyler Cook,203.2
Vic Law,200.66
Vincent Poirier,213.36
Wenyen Gabriel,205.74
William Howard,203.2
Yuta Watanabe,203.2
Zach Norvell Jr.,195.58
Zylan Cheatham,195.58
Alex Stepheson,208.28
Axel Toupane,200.66
Bryce Cotton,185.42
Bryce Dejean-Jones,198.12
Christian Wood,210.82
Cliff Alexander,203.2
Coty Clarke,200.66
Damjan Rudez,205.74
Duje Dukan,205.74
Elijah Millsap,198.12
Hollis Thompson,203.2
JJ O'Brien,200.66
Jorge Gutierrez,190.5
Keith Appling,185.42
Marcelo Huertas,190.5
Phil Pressey,180.34
Seth Curry,187.96
Shayne Whittington,210.82
Alexey Shved,198.12
Ben Hansbrough,190.5
Brian Roberts,185.42
Chris Copeland,203.2
DeQuan Jones,203.2
Diante Garrett,193.04
Henry Sims,208.28
Josh Akognon,180.34
Kevin Jones,203.2
Luke Zeller,210.82
Maalik Wayns,185.42
Pablo Prigioni,190.5
Scott Machado,185.42
Tim Ohlbrecht,210.82
Viacheslav Kravtsov,210.82
Antonio Anderson,198.12
Cedric Jackson,190.5
Chris Hunter,210.82
Jawad Williams,205.74
Marcus Landry,200.66
Oliver Lafayette,187.96
Othello Hunter,203.2
Othyus Jeffers,195.58
Pops Mensah-Bonsu,205.74
Trey Gilder,205.74
Will Conroy,187.96
Adam Harrington,195.58
Antoine Rigaudeau,200.66
Brandon Williams,198.12
Cezary Trybanski,218.44
J.R. Bremer,187.96
Juaquin Hawkins,200.66
Junior Harrington,193.04
Mike Batiste,203.2
Nate Huffman,215.9
Pat Burke,210.82
Paul Shirley,208.28
Pepe Sanchez,193.04
Predrag Savovic,198.12
Ruben Wolkowyski,208.28
Andre Barrett,177.8
Andre Brown,205.74
Andre Owens,193.04
Awvee Storey,198.12
Billy Thomas,195.58
Chris Quinn,187.96
Coby Karl,195.58
Courtney Sims,210.82
DJ Mbenga,213.36
Darius Washington,187.96
Devin Brown,195.58
Dwayne Jones,210.82
Fabricio Oberto,208.28
Ime Udoka,195.58
Jeremy Richardson,200.66
Jorge Garbajosa,205.74
Josh Powell,205.74
Justin Williams,208.28
Kasib Powell,200.66
Keith Langford,193.04
Lance Allred,210.82
Linton Johnson,203.2
Mario West,195.58
Mike Harris,198.12
Mike Wilks,177.8
Quinton Ross,198.12
Randolph Morris,210.82
Richie Frahm,195.58
Ronald Dupree,200.66
Shavlik Randolph,208.28
Smush Parker,193.04
Stephen Graham,198.12
Tarence Kinsey,198.12
Thomas Gardner,195.58
Walter Herrmann,205.74
Yakhouba Diawara,200.66
Aaron Williams,205.74
Adrian Griffin,195.58
Art Long,205.74
Avery Johnson,180.34
Bo Outlaw,203.2
Bruce Bowen,200.66
Carlos Arroyo,187.96
Charlie Bell,190.5
Chris Childs,190.5
Chucky Atkins,180.34
Damon Jones,190.5
Daniel Santiago,215.9
Darrell Armstrong,185.42
Darrick Martin,180.34
Darvin Ham,200.66
David Wesley,185.42
Dean Oliver,180.34
Eddie Gill,182.88
Eddie Robinson,205.74
Emanual Davis,195.58
Erick Strickland,190.5
Harold Jamison,205.74
Ira Newble,200.66
Jaren Jackson,198.12
Jermaine Jackson,195.58
Joe Crispin,182.88
John Amaechi,208.28
John Starks,195.58
Kevin Ollie,187.96
Larry Robinson,190.5
Malik Allen,208.28
Mark Strickland,208.28
Mengke Bateer,210.82
Michael Curry,195.58
Michael Stewart,208.28
Mike Penberthy,190.5
Milt Palacio,190.5
Mitchell Butler,195.58
Norman Richardson,195.58
Oscar Torres,198.12
Reggie Slater,200.66
Rick Brunson,193.04
Robert Pack,187.96
Rusty LaRue,190.5
Scott Williams,208.28
Slava Medvedenko,208.28
Steve Goodrich,208.28
Tang Hamilton,203.2
Tierre Brown,187.96
Troy Hudson,185.42
Tyrone Nesby,198.12
Zendon Hamilton,210.82
Aaron Harrison,198.12
Aaron Jackson,190.5
Alan Williams,203.2
Alex Caruso,195.58
Alex Poythress,205.74
Alfonzo McKinnie,203.2
Andre Ingram,190.5
Andrew White III,200.66
Antonio Blakeney,193.04
Antonius Cleveland,198.12
Aron Baynes,208.28
Ben Moore,203.2
Boban Marjanovic,220.98
Bobby Brown,187.96
Brandon Paul,193.04
Briante Weber,187.96
Bryn Forbes,190.5
C.J. Williams,195.58
Charles Cooke,195.58
Chris Boucher,208.28
Cristiano Felicio,205.74
Damion Lee,198.12
Daniel Theis,205.74
Danuel House Jr.,200.66
David Nwaba,193.04
David Stockton,180.34
Derrick Jones Jr.,200.66
Derrick Walton Jr.,185.42
Devin Robinson,203.2
Dewayne Dedmon,213.36
Dorian Finney-Smith,203.2
Dwight Buycks,190.5
Eric Moreland,208.28
Erik McCree,203.2
Fred VanVleet,182.88
Garrett Temple,198.12
Gary Payton II,190.5
Gian Clavell,193.04
Ian Clark,190.5
Isaiah Hicks,205.74
Isaiah Taylor,190.5
JaKarr Sampson,205.74
JaMychal Green,205.74
Jack Cooley,208.28
Jacob Pullen,185.42
Jacob Wiley,203.2
Jalen Jones,200.66
Jameel Warney,203.2
Jamel Artis,200.66
James Michael McAdoo,205.74
James Webb III,205.74
Jamil Wilson,200.66
Jarell Eddie,200.66
Jaylen Morris,195.58
Joe Ingles,203.2
John Holland,195.58
Johnathan Motley,208.28
Jonathan Gibson,187.96
Jonathon Simmons,198.12
Josh Gray,185.42
Josh Magette,185.42
Justin Holiday,198.12
Kent Bazemore,195.58
Khem Birch,205.74
Kobi Simmons,193.04
Kyle Collinsworth,198.12
Langston Galloway,187.96
Larry Drew II,187.96
London Perrantes,187.96
Luis Montero,200.66
Luke Kornet,215.9
Malcolm Delaney,190.5
Malcolm Miller,200.66
Mangok Mathiang,208.28
Marcus Georges-Hunt,195.58
Marshall Plumlee,213.36
Matt Costello,208.28
Matt Williams Jr.,195.58
Matthew Dellavedova,193.04
Maxi Kleber,210.82
Milos Teodosic,195.58
Milton Doyle,193.04
Mindaugas Kuzminskas,205.74
Mirza Teletovic,205.74
Myke Henry,198.12
Naz Mitrou-Long,193.04
Nicolas Brussino,203.2
Nigel Hayes,200.66
Okaro White,203.2
Omari Johnson,205.74
PJ Dozier,198.12
Quinn Cook,187.96
Reggie Hearn,195.58
Robert Covington,205.74
Rodney McGruder,193.04
Rodney Purvis,193.04
Ron Baker,193.04
Royce O'Neale,198.12
Ryan Arcidiacono,190.5
Salah Mejri,218.44
Scotty Hopson,200.66
Sean Kilpatrick,193.04
Shaquille Harrison,193.04
T.J. McConnell,187.96
Tarik Black,205.74
Tim Frazier,185.42
Tim Quarterman,198.12
Torrey Craig,198.12
Travis Wear,208.28
Treveon Graham,195.58
Trey McKinney-Jones,195.58
Troy Daniels,193.04
Troy Williams,200.66
Tyler Cavanaugh,205.74
Tyler Johnson,193.04
Vander Blue,195.58
Vincent Hunter,203.2
Walt Lemon Jr.,190.5
Wayne Selden,195.58
Willie Reed,210.82
Xavier Munford,193.04
Xavier Rathan-Mayes,193.04
Yogi Ferrell,182.88
Alan Anderson,198.12
Alonzo Gee,198.12
Andres Nocioni,200.66
Anthony Carter,185.42
Anthony Morrow,195.58
Anthony Tolliver,203.2
Ben Uzoh,190.5
Ben Wallace,205.74
Blake Ahearn,187.96
Brad Miller,213.36
C.J. Watson,187.96
Carldell Johnson,177.8
Cartier Martin,200.66
Chris Andersen,208.28
Chris Johnson,210.82
Chris Wright,203.2
Chuck Hayes,198.12
Cory Higgins,195.58
Courtney Fortson,180.34
D.J. Kennedy,195.58
Damien Wilkins,198.12
Darryl Watkins,210.82
Dennis Horner,205.74
Donald Sloan,190.5
Earl Barron,213.36
Earl Boykins,165.1
Edwin Ubiles,198.12
Eric Dawson,205.74
Gary Forbes,200.66
Gary Neal,193.04
Greg Smith,208.28
Greg Stiemsma,210.82
Gustavo Ayon,208.28
Hamed Haddadi,218.44
Ish Smith,182.88
Ivan Johnson,203.2
J.J. Barea,182.88
Jamario Moon,203.2
James Singleton,203.2
Jannero Pargo,185.42
Jeff Adrien,200.66
Jeff Foote,213.36
Jeremy Lin,190.5
Jeremy Pargo,187.96
Jerome Dyson,190.5
Joel Anthony,205.74
John Lucas III,180.34
Jose Calderon,190.5
Josh Davis,203.2
Julyan Stone,198.12
Justin Dentmon,180.34
Kelenna Azubuike,195.58
Lance Thomas,203.2
Larry Owens,200.66
Lou Amundson,205.74
Malcolm Thomas,205.74
Manny Harris,195.58
Marquis Daniels,198.12
Matt Carroll,198.12
Maurice Evans,195.58
Mickell Gladness,210.82
Mike James,187.96
Mikki Moore,213.36
Mychel Thompson,198.12
Raja Bell,195.58
Reggie Evans,203.2
Reggie Williams,198.12
Ronnie Price,187.96
Samardo Samuels,205.74
Sundiata Gaines,185.42
Terrel Harris,193.04
Timofey Mozgov,215.9
Trey Johnson,195.58
Udonis Haslem,203.2
Wesley Matthews,195.58
Will Bynum,182.88
